{
    "root_group": {
        "groups": {},
        "checks": {
                "status is 201": {
                    "path": "::status is 201",
                    "id": "ec8c9afd59577ad0eb26fbf150ecf791",
                    "passes": 62212,
                    "fails": 0,
                    "name": "status is 201"
                },
                "response time < 2s": {
                    "path": "::response time < 2s",
                    "id": "492f12d6af2add47d3f33fffc3b7b9ac",
                    "passes": 59531,
                    "fails": 2681,
                    "name": "response time < 2s"
                }
            },
        "name": "",
        "path": "",
        "id": "d41d8cd98f00b204e9800998ecf8427e"
    },
    "metrics": {
        "data_sent": {
            "count": 12557471,
            "rate": 80702.03476953755
        },
        "http_req_tls_handshaking": {
            "avg": 0,
            "min": 0,
            "med": 0,
            "max": 0,
            "p(90)": 0,
            "p(95)": 0
        },
        "http_req_sending": {
            "avg": 0.05672261890601711,
            "min": 0.006327,
            "med": 0.04724,
            "max": 10.332518,
            "p(90)": 0.07856040000000003,
            "p(95)": 0.09993099999999991
        },
        "http_req_receiving": {
            "avg": 0.08507699177020893,
            "min": 0.009123,
            "med": 0.069371,
            "max": 9.614457,
            "p(90)": 0.13766360000000002,
            "p(95)": 0.1668866
        },
        "iteration_duration": {
            "p(90)": 1462.2993827000003,
            "p(95)": 1920.3359151999998,
            "avg": 353.2886542704458,
            "min": 1.502094,
            "med": 18.923616,
            "max": 5867.005787
        },
        "http_req_duration{expected_response:true}": {
            "p(90)": 1511.8197178,
            "p(95)": 1944.0281697999988,
            "avg": 362.7288234421906,
            "min": 1.299925,
            "med": 18.667864,
            "max": 5865.868799
        },
        "http_req_connecting": {
            "med": 0,
            "max": 55.303645,
            "p(90)": 0,
            "p(95)": 0,
            "avg": 0.025814287656920586,
            "min": 0
        },
        "data_received": {
            "count": 13355101,
            "rate": 85828.09590025617
        },
        "dropped_iterations": {
            "count": 3936,
            "rate": 25.295157667726233
        },
        "http_req_blocked": {
            "avg": 0.04062755690932768,
            "min": 0.002186,
            "med": 0.008093,
            "max": 55.417041,
            "p(90)": 0.011968600000000006,
            "p(95)": 0.028972399999999964
        },
        "checks": {
            "passes": 121743,
            "fails": 2681,
            "value": 0.9784527100880859
        },
        "http_req_waiting": {
            "avg": 362.5870238315136,
            "min": 1.205493,
            "med": 18.523473,
            "max": 5865.662129,
            "p(90)": 1511.6800794000005,
            "p(95)": 1943.9417717999988
        },
        "vus": {
            "value": 857,
            "min": 0,
            "max": 1996
        },
        "vus_max": {
            "value": 2000,
            "min": 100,
            "max": 2000
        },
        "http_req_duration": {
            "min": 1.299925,
            "med": 18.667864,
            "max": 5865.868799,
            "p(90)": 1511.8197178,
            "p(95)": 1944.0281697999988,
            "avg": 362.7288234421906,
            "thresholds": {
                "p(95)<2000": false
            }
        },
        "http_reqs": {
            "count": 62213,
            "rate": 399.8190152393933
        },
        "iterations": {
            "count": 62212,
            "rate": 399.8125886241322
        },
        "http_req_failed": {
            "passes": 0,
            "fails": 62213,
            "thresholds": {
                "rate<0.10": false
            },
            "value": 0
        }
    }
}