{
    "root_group": {
        "name": "",
        "path": "",
        "id": "d41d8cd98f00b204e9800998ecf8427e",
        "groups": {},
        "checks": {
                "status is 201": {
                    "name": "status is 201",
                    "path": "::status is 201",
                    "id": "ec8c9afd59577ad0eb26fbf150ecf791",
                    "passes": 1000,
                    "fails": 0
                },
                "body has id": {
                    "name": "body has id",
                    "path": "::body has id",
                    "id": "48fc3b0e64e5a7f6be882dc6c2531bdd",
                    "passes": 1000,
                    "fails": 0
                }
            }
    },
    "metrics": {
        "successful_creates": {
            "count": 1000,
            "rate": 620.6383707537723
        },
        "http_req_duration{expected_response:true}": {
            "p(90)": 22.125349,
            "p(95)": 25.281342,
            "avg": 15.151936128871128,
            "min": 4.546399,
            "med": 14.111418,
            "max": 52.669499
        },
        "vus": {
            "value": 10,
            "min": 10,
            "max": 10
        },
        "http_req_tls_handshaking": {
            "med": 0,
            "max": 0,
            "p(90)": 0,
            "p(95)": 0,
            "avg": 0,
            "min": 0
        },
        "http_req_sending": {
            "min": 0.006335,
            "med": 0.017501,
            "max": 8.000191,
            "p(90)": 0.039921,
            "p(95)": 0.066219,
            "avg": 0.03579221978021979
        },
        "http_req_connecting": {
            "max": 1.266002,
            "p(90)": 0,
            "p(95)": 0,
            "avg": 0.010438403596403597,
            "min": 0,
            "med": 0
        },
        "iteration_duration": {
            "p(95)": 25.45533374999999,
            "avg": 15.466647167000009,
            "min": 4.717944,
            "med": 14.3855815,
            "max": 45.523694,
            "p(90)": 22.422388
        },
        "failed_creates": {
            "count": 0,
            "rate": 0,
            "thresholds": {
                "count<1": false
            }
        },
        "data_received": {
            "count": 211852,
            "rate": 131483.48012092817
        },
        "vus_max": {
            "max": 10,
            "value": 10,
            "min": 10
        },
        "http_req_duration": {
            "p(95)": 25.281342,
            "avg": 15.151936128871128,
            "min": 4.546399,
            "med": 14.111418,
            "max": 52.669499,
            "p(90)": 22.125349
        },
        "http_reqs": {
            "count": 1001,
            "rate": 621.2590091245261
        },
        "http_req_failed": {
            "passes": 0,
            "fails": 1001,
            "value": 0
        },
        "http_req_receiving": {
            "p(90)": 0.142134,
            "p(95)": 0.246749,
            "avg": 0.09447798401598409,
            "min": 0.013894,
            "med": 0.048229,
            "max": 6.603663
        },
        "data_sent": {
            "rate": 124735.2791157224,
            "count": 200979
        },
        "http_req_blocked": {
            "avg": 0.01946058541458546,
            "min": 0.001466,
            "med": 0.004429,
            "max": 1.465925,
            "p(90)": 0.007698,
            "p(95)": 0.01173
        },
        "checks": {
            "passes": 2000,
            "fails": 0,
            "value": 1
        },
        "http_req_waiting": {
            "avg": 15.021665925074936,
            "min": 4.485306,
            "med": 13.994364,
            "max": 52.429123,
            "p(90)": 22.041519,
            "p(95)": 25.130217
        },
        "iterations": {
            "count": 1000,
            "rate": 620.6383707537723
        }
    }
}