{
    "root_group": {
        "path": "",
        "id": "d41d8cd98f00b204e9800998ecf8427e",
        "groups": {},
        "checks": {
                "status is 201": {
                    "name": "status is 201",
                    "path": "::status is 201",
                    "id": "ec8c9afd59577ad0eb26fbf150ecf791",
                    "passes": 32164,
                    "fails": 0
                }
            },
        "name": ""
    },
    "metrics": {
        "http_req_failed": {
            "passes": 0,
            "fails": 32165,
            "thresholds": {
                "rate<0.05": false
            },
            "value": 0
        },
        "http_reqs": {
            "count": 32165,
            "rate": 521.9727070047958
        },
        "http_req_blocked": {
            "avg": 0.02050760820767933,
            "min": 0.001716,
            "med": 0.00432,
            "max": 22.08431,
            "p(90)": 0.009128600000000002,
            "p(95)": 0.0118228
        },
        "http_req_tls_handshaking": {
            "max": 0,
            "p(90)": 0,
            "p(95)": 0,
            "avg": 0,
            "min": 0,
            "med": 0
        },
        "http_req_waiting": {
            "avg": 460.5674921058865,
            "min": 1.459874,
            "med": 475.51819,
            "max": 1775.666495,
            "p(90)": 664.2475166,
            "p(95)": 762.6110581999999
        },
        "data_received": {
            "count": 6865763,
            "rate": 111417.40708109335
        },
        "iteration_duration": {
            "p(95)": 864.9264543499999,
            "avg": 552.8612383345327,
            "min": 101.970326,
            "med": 577.0850025,
            "max": 1472.395823,
            "p(90)": 766.6224907000001
        },
        "http_req_sending": {
            "p(90)": 0.14664220000000017,
            "p(95)": 0.4179021999999997,
            "avg": 0.09654855482667443,
            "min": 0.005337,
            "med": 0.014298,
            "max": 44.481809
        },
        "data_sent": {
            "rate": 104812.52526585337,
            "count": 6458757
        },
        "vus": {
            "max": 500,
            "value": 10,
            "min": 1
        },
        "http_req_duration": {
            "avg": 460.7337427526497,
            "min": 1.614573,
            "med": 475.632921,
            "max": 1776.052741,
            "p(90)": 664.3354130000001,
            "p(95)": 762.8459097999998,
            "thresholds": {
                "p(95)<2000": false
            }
        },
        "http_req_connecting": {
            "p(95)": 0,
            "avg": 0.010784142608425314,
            "min": 0,
            "med": 0,
            "max": 21.972332,
            "p(90)": 0
        },
        "iterations": {
            "count": 32164,
            "rate": 521.9564790331805
        },
        "http_req_receiving": {
            "p(90)": 0.11023120000000008,
            "p(95)": 0.16151199999999993,
            "avg": 0.06970209193222449,
            "min": 0.009369,
            "med": 0.024729,
            "max": 17.952246
        },
        "http_req_duration{expected_response:true}": {
            "p(95)": 762.8459097999998,
            "avg": 460.7337427526497,
            "min": 1.614573,
            "med": 475.632921,
            "max": 1776.052741,
            "p(90)": 664.3354130000001
        },
        "checks": {
            "passes": 32164,
            "fails": 0,
            "value": 1
        },
        "vus_max": {
            "value": 500,
            "min": 500,
            "max": 500
        }
    }
}