{
    "metrics": {
        "iteration_duration": {
            "avg": 3.6878787630877725,
            "min": 1.729481,
            "med": 2.59026,
            "max": 326.480804,
            "p(90)": 3.5540815,
            "p(95)": 5.8304617499999996
        },
        "http_req_sending": {
            "avg": 0.0821584831065005,
            "min": 0.008528,
            "med": 0.059207,
            "max": 85.066499,
            "p(90)": 0.087126,
            "p(95)": 0.1040047
        },
        "http_req_receiving": {
            "avg": 0.13502808461025942,
            "min": 0.014892,
            "med": 0.125254,
            "max": 11.954603,
            "p(90)": 0.17524679999999998,
            "p(95)": 0.1987398
        },
        "iterations": {
            "count": 10506,
            "rate": 113.80833667609791
        },
        "http_req_failed": {
            "passes": 0,
            "fails": 10507,
            "thresholds": {
                "rate<0.01": false
            },
            "value": 0
        },
        "http_req_waiting": {
            "avg": 3.01059048320167,
            "min": 1.360387,
            "med": 2.039237,
            "max": 779.597834,
            "p(90)": 2.8158299999999996,
            "p(95)": 4.864232799999951
        },
        "http_reqs": {
            "count": 10507,
            "rate": 113.81916937519138
        },
        "http_req_blocked": {
            "med": 0.008648,
            "max": 181.388686,
            "p(90)": 0.0129588,
            "p(95)": 0.03077559999999998,
            "avg": 0.14800446683163596,
            "min": 0.002722
        },
        "data_sent": {
            "rate": 22818.41984577032,
            "count": 2106439
        },
        "http_req_connecting": {
            "med": 0,
            "max": 181.237455,
            "p(90)": 0,
            "p(95)": 0,
            "avg": 0.12516973427238995,
            "min": 0
        },
        "data_received": {
            "count": 2231891,
            "rate": 24177.403612445538
        },
        "http_req_duration": {
            "p(95)": 5.116950699999972,
            "avg": 3.227777050918436,
            "min": 1.456652,
            "med": 2.232997,
            "max": 779.788076,
            "p(90)": 3.0430059999999997,
            "thresholds": {
                "p(95)<500": false,
                "p(99)<1000": false
            }
        },
        "http_req_tls_handshaking": {
            "min": 0,
            "med": 0,
            "max": 0,
            "p(90)": 0,
            "p(95)": 0,
            "avg": 0
        },
        "vus": {
            "value": 0,
            "min": 0,
            "max": 3
        },
        "checks": {
            "passes": 21012,
            "fails": 0,
            "value": 1
        },
        "vus_max": {
            "value": 300,
            "min": 300,
            "max": 300
        },
        "http_req_duration{expected_response:true}": {
            "med": 2.232997,
            "max": 779.788076,
            "p(90)": 3.0430059999999997,
            "p(95)": 5.116950699999972,
            "avg": 3.227777050918436,
            "min": 1.456652
        }
    },
    "root_group": {
        "name": "",
        "path": "",
        "id": "d41d8cd98f00b204e9800998ecf8427e",
        "groups": {},
        "checks": {
                "status is 201": {
                    "name": "status is 201",
                    "path": "::status is 201",
                    "id": "ec8c9afd59577ad0eb26fbf150ecf791",
                    "passes": 10506,
                    "fails": 0
                },
                "has user id": {
                    "passes": 10506,
                    "fails": 0,
                    "name": "has user id",
                    "path": "::has user id",
                    "id": "af848abeaf995bf0f4015855a7459637"
                }
            }
    }
}